{
    "qLearningId": "ROUND",
    "numStates": 1,
    "numActions": 16,
    "values": [
        -4.943925380706787,
        -7.18413782119751,
        -6.5925750732421879,
        -4.19527530670166,
        -5.393925189971924,
        -4.7939252853393559,
        -6.892575263977051,
        -3.8912250995635988,
        -5.993250370025635,
        -5.6253342628479,
        -4.041224956512451,
        -5.3898749351501469,
        -6.739875316619873,
        -6.589200496673584,
        -3.5878500938415529,
        -4.487850189208984
    ]
}