{
    "qLearningId": "MAIN",
    "numStates": 1,
    "numActions": 12,
    "values": [
        -0.05990000069141388,
        -0.04979100450873375,
        -0.04910698160529137,
        -0.05990000069141388,
        -0.04730644077062607,
        -0.06814242154359818,
        -0.039601001888513568,
        -0.09960100054740906,
        -0.04870999976992607,
        -0.06790000200271607,
        -0.03970000147819519,
        -0.05000000074505806
    ]
}