{
    "qLearningId": "ROUND",
    "numStates": 1,
    "numActions": 24,
    "values": [
        -0.7984220385551453,
        -0.7520859241485596,
        -0.7515102624893189,
        -0.8215180039405823,
        -0.7751482129096985,
        -0.792300820350647,
        -0.7589588761329651,
        -0.770143985748291,
        -0.7574177384376526,
        -0.7564197778701782,
        -0.7982263565063477,
        -0.8213187456130981,
        -0.7574167847633362,
        -0.8254047632217407,
        -0.7556862235069275,
        -0.8507059216499329,
        -0.761434018611908,
        -0.7927549481391907,
        -0.7982907891273499,
        -0.8000833988189697,
        -0.7574836015701294,
        -0.7817229628562927,
        -0.7350509166717529,
        -0.8411031365394592
    ]
}