{
    "qLearningId": "MAIN",
    "numStates": 1,
    "numActions": 12,
    "values": [
        -0.6377222537994385,
        -0.637244701385498,
        -0.6309994459152222,
        -0.6443178653717041,
        -0.6412981152534485,
        -0.61885005235672,
        -0.6325662732124329,
        -0.6311537027359009,
        -0.639479398727417,
        -0.6368737816810608,
        -0.6318202018737793,
        -0.6501593589782715
    ]
}