{
    "qLearningId": "ROUND",
    "numStates": 1,
    "numActions": 24,
    "values": [
        -0.5758815407752991,
        -0.2699325382709503,
        -0.6733552813529968,
        -0.3373875319957733,
        -0.31371957063674929,
        -0.2698650062084198,
        -0.4583655297756195,
        -0.7688655853271484,
        -0.26959502696990969,
        -0.42723003029823305,
        -0.5395950078964233,
        -0.3655575215816498,
        -0.2470950037240982,
        -0.26952752470970156,
        -0.31446000933647158,
        -0.24750001728534699,
        -0.26959502696990969,
        -0.3368925154209137,
        -0.5168250203132629,
        -0.4943925440311432,
        -0.26959502696990969,
        -0.24750001728534699,
        -0.2920275330543518,
        -0.26952752470970156
    ]
}