{
    "qLearningId": "MAIN",
    "numStates": 1,
    "numActions": 8,
    "values": [
        -6.950735569000244,
        -7.088491439819336,
        -8.28498649597168,
        -6.819147109985352,
        -6.362100124359131,
        -7.996648788452148,
        -7.546262741088867,
        -7.360811233520508
    ]
}