{
    "qLearningId": "ROUND",
    "numStates": 1,
    "numActions": 24,
    "values": [
        -1.717241644859314,
        -1.8125381469726563,
        -1.8018624782562256,
        -1.789771318435669,
        -1.7113178968429566,
        -1.725142002105713,
        -1.89794921875,
        -1.8033841848373414,
        -1.742756962776184,
        -1.7740155458450318,
        -1.8106223344802857,
        -1.789770483970642,
        -1.7212910652160645,
        -1.6727166175842286,
        -1.77332603931427,
        -1.6986045837402344,
        -1.7127795219421387,
        -1.6618655920028687,
        -1.8122024536132813,
        -2.1244828701019289,
        -1.64151930809021,
        -1.7244956493377686,
        -1.786417007446289,
        -1.7451063394546509
    ]
}