{
    "qLearningId": "MAIN",
    "numStates": 1,
    "numActions": 12,
    "values": [
        -0.300636351108551,
        -0.3463767170906067,
        -0.28837090730667117,
        -0.32660412788391116,
        -0.3049521744251251,
        -0.3031984567642212,
        -0.3042744994163513,
        -0.3125300705432892,
        -0.3051450550556183,
        -0.3030393123626709,
        -0.3046775758266449,
        -0.3014184832572937
    ]
}